start_date,date,time,age_days,treatment,well_no,larvae_start_num,swim,set,dead,pc_set,pc_dead
11/05/2020,13/05/2020,15:00,2,SD,A1,25,17,8,0,32,0
11/05/2020,14/05/2020,14:00,3,SD,A1,25,13,12,0,48,0
11/05/2020,15/05/2020,10:00,4,SD,A1,25,10,15,0,60,0
11/05/2020,17/05/2020,12:30,6,SD,A1,25,10,13,2,52,8
11/05/2020,17/05/2020,12:30,6,SD,A1,25,10,13,2,52,8
11/05/2020,19/05/2020,12:30,8,SD,A1,25,6,10,9,40,36
11/05/2020,20/05/2020,14:00,9,SD,A1,25,3,5,17,20,68
11/05/2020,22/05/2020,13:00,11,SD,A1,25,4,4,17,16,68
11/05/2020,24/05/2020,10:00,13,SD,A1,25,4,4,17,16,68
11/05/2020,25/05/2020,12:00,14,SD,A1,25,0,8,17,32,68
11/05/2020,26/05/2020,12:00,15,SD,A1,25,0,7,18,28,72
11/05/2020,29/05/2020,10:00,18,SD,A1,25,0,7,18,28,72
11/05/2020,31/05/2020,15:00,20,SD,A1,25,0,1,24,4,96
11/05/2020,02/06/2020,13:00,22,SD,A1,25,0,1,24,4,96
11/05/2020,04/06/2020,12:00,24,SD,A1,25,0,0,25,0,100
11/05/2020,13/05/2020,15:00,2,SD,A2,24,17,6,1,25,4.17
11/05/2020,14/05/2020,14:00,3,SD,A2,24,15,9,1,37.5,4.17
11/05/2020,15/05/2020,10:00,4,SD,A2,24,14,9,1,37.5,4.17
11/05/2020,17/05/2020,12:30,6,SD,A2,24,8,9,7,37.5,29.17
11/05/2020,19/05/2020,12:30,8,SD,A2,24,7,2,15,8.33,62.5
11/05/2020,20/05/2020,14:00,9,SD,A2,24,0,6,18,25,75
11/05/2020,22/05/2020,13:00,11,SD,A2,24,4,3,18,12.5,75
11/05/2020,24/05/2020,10:00,13,SD,A2,24,4,2,18,8.33,75
11/05/2020,25/05/2020,12:00,14,SD,A2,24,0,5,19,20.83,79.17
11/05/2020,26/05/2020,12:00,15,SD,A2,24,0,4,20,16.67,83.33
11/05/2020,29/05/2020,10:00,18,SD,A2,24,0,4,20,16.67,83.33
11/05/2020,31/05/2020,15:00,20,SD,A2,24,0,0,24,0,100
11/05/2020,02/06/2020,13:00,22,SD,A2,24,0,0,24,0,100
11/05/2020,04/06/2020,12:00,24,SD,A2,24,0,0,24,0,100
11/05/2020,13/05/2020,15:00,2,SD,A3,24,18,6,0,25,0
11/05/2020,14/05/2020,14:00,3,SD,A3,24,13,8,3,33.33,12.5
11/05/2020,15/05/2020,10:00,4,SD,A3,24,13,8,3,33.33,12.5
11/05/2020,17/05/2020,12:30,6,SD,A3,24,12,8,4,33.33,16.67
11/05/2020,19/05/2020,12:30,8,SD,A3,24,1,5,18,20.83,75
11/05/2020,20/05/2020,14:00,9,SD,A3,24,0,4,20,16.67,83.33
11/05/2020,22/05/2020,13:00,11,SD,A3,24,0,4,20,16.67,83.33
11/05/2020,24/05/2020,10:00,13,SD,A3,24,0,4,20,16.67,83.33
11/05/2020,25/05/2020,12:00,14,SD,A3,24,0,4,20,16.67,83.33
11/05/2020,26/05/2020,12:00,15,SD,A3,24,0,4,20,16.67,83.33
11/05/2020,29/05/2020,10:00,18,SD,A3,24,0,4,20,16.67,83.33
11/05/2020,31/05/2020,15:00,20,SD,A3,24,0,3,21,12.5,87.5
11/05/2020,02/06/2020,13:00,22,SD,A3,24,0,2,22,8.33,91.67
11/05/2020,04/06/2020,12:00,24,SD,A3,24,0,1,23,4.17,95.83
11/05/2020,13/05/2020,15:00,2,SD,A4,25,16,9,0,36,0
11/05/2020,14/05/2020,14:00,3,SD,A4,25,19,6,0,24,0
11/05/2020,15/05/2020,10:00,4,SD,A4,25,4,21,0,84,0
11/05/2020,17/05/2020,12:30,6,SD,A4,25,16,5,4,20,16
11/05/2020,19/05/2020,12:30,8,SD,A4,25,0,6,19,24,76
11/05/2020,20/05/2020,14:00,9,SD,A4,25,0,6,19,24,76
11/05/2020,22/05/2020,13:00,11,SD,A4,25,0,6,19,24,76
11/05/2020,24/05/2020,10:00,13,SD,A4,25,0,5,20,20,80
11/05/2020,25/05/2020,12:00,14,SD,A4,25,0,4,21,16,84
11/05/2020,26/05/2020,12:00,15,SD,A4,25,0,4,21,16,84
11/05/2020,29/05/2020,10:00,18,SD,A4,25,0,0,25,0,100
11/05/2020,31/05/2020,15:00,20,SD,A4,25,0,0,25,0,100
11/05/2020,02/06/2020,13:00,22,SD,A4,25,0,0,25,0,100
11/05/2020,04/06/2020,12:00,24,SD,A4,25,0,0,25,0,100
11/05/2020,17/05/2020,12:30,6,SD,A5,5,5,0,0,0,0
11/05/2020,19/05/2020,12:30,8,SD,A5,5,2,3,0,60,0
11/05/2020,20/05/2020,14:00,9,SD,A5,5,0,0,5,0,100
11/05/2020,22/05/2020,13:00,11,SD,A5,5,0,0,5,0,100
11/05/2020,24/05/2020,10:00,13,SD,A5,5,0,0,5,0,100
11/05/2020,25/05/2020,12:00,14,SD,A5,5,0,0,5,0,100
11/05/2020,26/05/2020,12:00,15,SD,A5,5,0,0,5,0,100
11/05/2020,29/05/2020,10:00,18,SD,A5,5,0,0,5,0,100
11/05/2020,31/05/2020,15:00,20,SD,A5,5,0,0,5,0,100
11/05/2020,02/06/2020,13:00,22,SD,A5,5,0,0,5,0,100
11/05/2020,04/06/2020,12:00,24,SD,A5,5,0,0,5,0,100
11/05/2020,17/05/2020,12:30,6,SD,A6,10,10,0,0,0,0
11/05/2020,19/05/2020,12:30,8,SD,A6,10,6,0,4,0,40
11/05/2020,20/05/2020,14:00,9,SD,A6,10,0,2,8,20,80
11/05/2020,22/05/2020,13:00,11,SD,A6,10,0,2,8,20,80
11/05/2020,24/05/2020,10:00,13,SD,A6,10,0,2,8,20,80
11/05/2020,25/05/2020,12:00,14,SD,A6,10,0,2,8,20,80
11/05/2020,26/05/2020,12:00,15,SD,A6,10,0,2,8,20,80
11/05/2020,29/05/2020,10:00,18,SD,A6,10,0,2,8,20,80
11/05/2020,31/05/2020,15:00,20,SD,A6,10,0,2,8,20,80
11/05/2020,02/06/2020,13:00,22,SD,A6,10,0,2,8,20,80
11/05/2020,04/06/2020,12:00,24,SD,A6,10,0,2,8,20,80
11/05/2020,13/05/2020,15:00,2,SD,B1,8,8,0,0,0,0
11/05/2020,14/05/2020,14:00,3,SD,B1,8,8,0,0,0,0
11/05/2020,15/05/2020,10:00,4,SD,B1,8,8,0,0,0,0
11/05/2020,17/05/2020,12:30,6,SD,B1,8,8,0,0,0,0
11/05/2020,19/05/2020,12:30,8,SD,B1,8,6,2,0,25,0
11/05/2020,24/05/2020,10:00,13,SD,B1,8,3,5,0,62.5,0
11/05/2020,25/05/2020,12:00,14,SD,B1,8,0,0,8,0,100
11/05/2020,26/05/2020,12:00,15,SD,B1,8,0,0,8,0,100
11/05/2020,29/05/2020,10:00,18,SD,B1,8,0,0,8,0,100
11/05/2020,31/05/2020,15:00,20,SD,B1,8,0,0,8,0,100
11/05/2020,02/06/2020,13:00,22,SD,B1,8,0,0,8,0,100
11/05/2020,04/06/2020,12:00,24,SD,B1,8,0,0,8,0,100
11/05/2020,13/05/2020,15:00,2,SD,B2,8,5,3,0,37.5,0
11/05/2020,14/05/2020,14:00,3,SD,B2,8,4,3,1,37.5,12.5
11/05/2020,15/05/2020,10:00,4,SD,B2,8,4,3,1,37.5,12.5
11/05/2020,17/05/2020,12:30,6,SD,B2,8,1,6,1,75,12.5
11/05/2020,19/05/2020,12:30,8,SD,B2,8,1,6,1,75,12.5
11/05/2020,20/05/2020,14:00,9,SD,B2,8,0,5,3,62.5,37.5
11/05/2020,22/05/2020,13:00,11,SD,B2,8,0,5,3,62.5,37.5
11/05/2020,24/05/2020,10:00,13,SD,B2,8,0,5,3,62.5,37.5
11/05/2020,25/05/2020,12:00,14,SD,B2,8,0,5,3,62.5,37.5
11/05/2020,26/05/2020,12:00,15,SD,B2,8,0,5,3,62.5,37.5
11/05/2020,29/05/2020,10:00,18,SD,B2,8,0,4,4,50,50
11/05/2020,31/05/2020,15:00,20,SD,B2,8,0,3,5,37.5,62.5
11/05/2020,02/06/2020,13:00,22,SD,B2,8,0,3,5,37.5,62.5
11/05/2020,04/06/2020,12:00,24,SD,B2,8,0,3,5,37.5,62.5
11/05/2020,13/05/2020,15:00,2,SD,B3,11,7,3,1,27.27,9.09
11/05/2020,14/05/2020,14:00,3,SD,B3,11,6,4,1,36.36,9.09
11/05/2020,15/05/2020,10:00,4,SD,B3,11,5,5,1,45.45,9.09
11/05/2020,17/05/2020,12:30,6,SD,B3,11,4,6,1,54.55,9.09
11/05/2020,19/05/2020,12:30,8,SD,B3,11,4,6,1,54.55,9.09
11/05/2020,20/05/2020,14:00,9,SD,B3,11,0,6,5,54.55,45.45
11/05/2020,22/05/2020,13:00,11,SD,B3,11,0,6,5,54.55,45.45
11/05/2020,24/05/2020,10:00,13,SD,B3,11,0,5,6,45.45,54.55
11/05/2020,25/05/2020,12:00,14,SD,B3,11,0,5,6,45.45,54.55
11/05/2020,26/05/2020,12:00,15,SD,B3,11,0,5,6,45.45,54.55
11/05/2020,29/05/2020,10:00,18,SD,B3,11,0,5,6,45.45,54.55
11/05/2020,31/05/2020,15:00,20,SD,B3,11,0,5,6,45.45,54.55
11/05/2020,02/06/2020,13:00,22,SD,B3,11,0,5,6,45.45,54.55
11/05/2020,04/06/2020,12:00,24,SD,B3,11,0,5,6,45.45,54.55
11/05/2020,13/05/2020,15:00,2,SD,B4,8,8,0,0,0,0
11/05/2020,14/05/2020,14:00,3,SD,B4,8,7,1,0,12.5,0
11/05/2020,15/05/2020,10:00,4,SD,B4,8,6,2,0,25,0
11/05/2020,17/05/2020,12:30,6,SD,B4,8,4,4,0,50,0
11/05/2020,19/05/2020,12:30,8,SD,B4,8,2,4,2,50,25
11/05/2020,20/05/2020,14:00,9,SD,B4,8,0,6,2,75,25
11/05/2020,22/05/2020,13:00,11,SD,B4,8,0,6,2,75,25
11/05/2020,24/05/2020,10:00,13,SD,B4,8,0,6,2,75,25
11/05/2020,25/05/2020,12:00,14,SD,B4,8,0,6,2,75,25
11/05/2020,26/05/2020,12:00,15,SD,B4,8,0,6,2,75,25
11/05/2020,29/05/2020,10:00,18,SD,B4,8,0,5,3,62.5,37.5
11/05/2020,31/05/2020,15:00,20,SD,B4,8,0,5,3,62.5,37.5
11/05/2020,02/06/2020,13:00,22,SD,B4,8,0,5,3,62.5,37.5
11/05/2020,04/06/2020,12:00,24,SD,B4,8,0,4,4,50,50
11/05/2020,13/05/2020,15:00,2,SD,B5,7,7,0,0,0,0
11/05/2020,14/05/2020,14:00,3,SD,B5,7,6,1,0,14.29,0
11/05/2020,15/05/2020,10:00,4,SD,B5,7,6,1,0,14.29,0
11/05/2020,17/05/2020,12:30,6,SD,B5,7,6,1,0,14.29,0
11/05/2020,19/05/2020,12:30,8,SD,B5,7,2,4,1,57.14,14.29
11/05/2020,20/05/2020,14:00,9,SD,B5,7,0,4,3,57.14,42.86
11/05/2020,22/05/2020,13:00,11,SD,B5,7,0,4,3,57.14,42.86
11/05/2020,24/05/2020,10:00,13,SD,B5,7,0,4,3,57.14,42.86
11/05/2020,25/05/2020,12:00,14,SD,B5,7,0,4,3,57.14,42.86
11/05/2020,26/05/2020,12:00,15,SD,B5,7,0,4,3,57.14,42.86
11/05/2020,29/05/2020,10:00,18,SD,B5,7,0,4,3,57.14,42.86
11/05/2020,31/05/2020,15:00,20,SD,B5,7,0,4,3,57.14,42.86
11/05/2020,02/06/2020,13:00,22,SD,B5,7,0,4,3,57.14,42.86
11/05/2020,04/06/2020,12:00,24,SD,B5,7,0,4,3,57.14,42.86
11/05/2020,13/05/2020,15:00,2,SD,B6,6,6,0,0,0,0
11/05/2020,14/05/2020,14:00,3,SD,B6,6,5,1,0,16.67,0
11/05/2020,15/05/2020,10:00,4,SD,B6,6,3,2,1,33.33,16.67
11/05/2020,17/05/2020,12:30,6,SD,B6,6,1,4,1,66.67,16.67
11/05/2020,19/05/2020,12:30,8,SD,B6,6,0,2,4,33.33,66.67
11/05/2020,20/05/2020,14:00,9,SD,B6,6,0,2,4,33.33,66.67
11/05/2020,22/05/2020,13:00,11,SD,B6,6,0,1,5,16.67,83.33
11/05/2020,24/05/2020,10:00,13,SD,B6,6,0,1,5,16.67,83.33
11/05/2020,25/05/2020,12:00,14,SD,B6,6,0,1,5,16.67,83.33
11/05/2020,26/05/2020,12:00,15,SD,B6,6,0,0,6,0,100
11/05/2020,29/05/2020,10:00,18,SD,B6,6,0,0,6,0,100
11/05/2020,31/05/2020,15:00,20,SD,B6,6,0,0,6,0,100
11/05/2020,02/06/2020,13:00,22,SD,B6,6,0,0,6,0,100
11/05/2020,04/06/2020,12:00,24,SD,B6,6,0,0,6,0,100
11/05/2020,13/05/2020,15:00,2,SS,C1,8,8,0,0,0,0
11/05/2020,14/05/2020,14:00,3,SS,C1,8,7,0,1,0,12.5
11/05/2020,15/05/2020,10:00,4,SS,C1,8,6,1,1,12.5,12.5
11/05/2020,17/05/2020,12:30,6,SS,C1,8,4,3,1,37.5,12.5
11/05/2020,19/05/2020,12:30,8,SS,C1,8,4,3,1,37.5,12.5
11/05/2020,20/05/2020,14:00,9,SS,C1,8,1,4,3,50,37.5
11/05/2020,22/05/2020,13:00,11,SS,C1,8,0,3,5,37.5,62.5
11/05/2020,24/05/2020,10:00,13,SS,C1,8,0,3,5,37.5,62.5
11/05/2020,25/05/2020,12:00,14,SS,C1,8,0,3,5,37.5,62.5
11/05/2020,26/05/2020,12:00,15,SS,C1,8,0,3,5,37.5,62.5
11/05/2020,29/05/2020,10:00,18,SS,C1,8,0,3,5,37.5,62.5
11/05/2020,31/05/2020,10:00,20,SS,C1,8,0,3,5,37.5,62.5
11/05/2020,02/06/2020,15:00,22,SS,C1,8,0,3,5,37.5,62.5
11/05/2020,04/06/2020,13:00,24,SS,C1,8,0,3,5,37.5,62.5
11/05/2020,13/05/2020,15:00,2,SS,C2,8,8,0,0,0,0
11/05/2020,14/05/2020,14:00,3,SS,C2,8,8,0,0,0,0
11/05/2020,15/05/2020,10:00,4,SS,C2,8,7,1,0,12.5,0
11/05/2020,17/05/2020,12:30,6,SS,C2,8,7,1,0,12.5,0
11/05/2020,19/05/2020,12:30,8,SS,C2,8,0,1,7,12.5,87.5
11/05/2020,20/05/2020,14:00,9,SS,C2,8,0,1,7,12.5,87.5
11/05/2020,22/05/2020,13:00,11,SS,C2,8,0,1,7,12.5,87.5
11/05/2020,24/05/2020,10:00,13,SS,C2,8,0,1,7,12.5,87.5
11/05/2020,25/05/2020,12:00,14,SS,C2,8,0,1,7,12.5,87.5
11/05/2020,26/05/2020,12:00,15,SS,C2,8,0,1,7,12.5,87.5
11/05/2020,29/05/2020,10:00,18,SS,C2,8,0,1,7,12.5,87.5
11/05/2020,31/05/2020,10:00,20,SS,C2,8,0,1,7,12.5,87.5
11/05/2020,02/06/2020,15:00,22,SS,C2,8,0,1,7,12.5,87.5
11/05/2020,04/06/2020,13:00,24,SS,C2,8,0,1,7,12.5,87.5
11/05/2020,13/05/2020,15:00,2,SS,C3,8,8,0,0,0,0
11/05/2020,14/05/2020,14:00,3,SS,C3,8,7,1,0,12.5,0
11/05/2020,15/05/2020,10:00,4,SS,C3,8,6,2,0,25,0
11/05/2020,17/05/2020,12:30,6,SS,C3,8,5,2,1,25,12.5
11/05/2020,19/05/2020,12:30,8,SS,C3,8,1,3,4,37.5,50
11/05/2020,20/05/2020,14:00,9,SS,C3,8,0,3,5,37.5,62.5
11/05/2020,22/05/2020,13:00,11,SS,C3,8,0,3,5,37.5,62.5
11/05/2020,24/05/2020,10:00,13,SS,C3,8,0,3,5,37.5,62.5
11/05/2020,25/05/2020,12:00,14,SS,C3,8,0,3,5,37.5,62.5
11/05/2020,26/05/2020,12:00,15,SS,C3,8,0,3,5,37.5,62.5
11/05/2020,29/05/2020,10:00,18,SS,C3,8,0,3,5,37.5,62.5
11/05/2020,31/05/2020,15:00,20,SS,C3,8,0,3,5,37.5,62.5
11/05/2020,02/06/2020,15:00,22,SS,C3,8,0,3,5,37.5,62.5
11/05/2020,04/06/2020,13:00,24,SS,C3,8,0,3,5,37.5,62.5
11/05/2020,13/05/2020,15:00,2,SS,C4,8,8,0,0,0,0
11/05/2020,14/05/2020,14:00,3,SS,C4,8,6,1,1,12.5,12.5
11/05/2020,15/05/2020,10:00,4,SS,C4,8,6,1,1,12.5,12.5
11/05/2020,17/05/2020,12:30,6,SS,C4,8,5,1,2,12.5,25
11/05/2020,19/05/2020,12:30,8,SS,C4,8,0,4,4,50,50
11/05/2020,20/05/2020,14:00,9,SS,C4,8,0,2,6,25,75
11/05/2020,22/05/2020,13:00,11,SS,C4,8,0,2,6,25,75
11/05/2020,24/05/2020,10:00,13,SS,C4,8,0,2,6,25,75
11/05/2020,25/05/2020,12:00,14,SS,C4,8,0,2,6,25,75
11/05/2020,26/05/2020,12:00,15,SS,C4,8,0,2,6,25,75
11/05/2020,29/05/2020,10:00,18,SS,C4,8,0,2,6,25,75
11/05/2020,31/05/2020,15:00,20,SS,C4,8,0,2,6,25,75
11/05/2020,02/06/2020,15:00,22,SS,C4,8,0,2,6,25,75
11/05/2020,04/06/2020,13:00,24,SS,C4,8,0,2,6,25,75
11/05/2020,13/05/2020,15:00,2,SS,C5,8,8,0,0,0,0
11/05/2020,14/05/2020,14:00,3,SS,C5,8,7,0,1,0,12.5
11/05/2020,15/05/2020,10:00,4,SS,C5,8,5,2,1,25,12.5
11/05/2020,17/05/2020,12:30,6,SS,C5,8,1,5,2,62.5,25
11/05/2020,19/05/2020,12:30,8,SS,C5,8,0,5,3,62.5,37.5
11/05/2020,20/05/2020,14:00,9,SS,C5,8,0,2,6,25,75
11/05/2020,22/05/2020,13:00,11,SS,C5,8,0,2,6,25,75
11/05/2020,24/05/2020,10:00,13,SS,C5,8,0,2,6,25,75
11/05/2020,25/05/2020,12:00,14,SS,C5,8,0,2,6,25,75
11/05/2020,26/05/2020,12:00,15,SS,C5,8,0,2,6,25,75
11/05/2020,29/05/2020,10:00,18,SS,C5,8,0,2,6,25,75
11/05/2020,31/05/2020,15:00,20,SS,C5,8,0,2,6,25,75
11/05/2020,02/06/2020,13:00,22,SS,C5,8,0,2,6,25,75
11/05/2020,04/06/2020,12:00,24,SS,C5,8,0,2,6,25,75
11/05/2020,19/05/2020,12:30,8,SS,C5 ,8,0,2,6,25,75
11/05/2020,13/05/2020,15:00,2,SS,C6,6,1,5,0,83.33,0
11/05/2020,14/05/2020,14:00,3,SS,C6,6,1,5,0,83.33,0
11/05/2020,15/05/2020,10:00,4,SS,C6,6,1,5,0,83.33,0
11/05/2020,17/05/2020,12:30,6,SS,C6,6,1,5,0,83.33,0
11/05/2020,19/05/2020,12:30,8,SS,C6,6,0,6,0,100,0
11/05/2020,20/05/2020,14:00,9,SS,C6,6,0,4,2,66.67,33.33
11/05/2020,22/05/2020,13:00,11,SS,C6,6,0,4,2,66.67,33.33
11/05/2020,24/05/2020,10:00,13,SS,C6,6,0,4,2,66.67,33.33
11/05/2020,25/05/2020,12:00,14,SS,C6,6,0,4,2,66.67,33.33
11/05/2020,26/05/2020,12:00,15,SS,C6,6,0,4,2,66.67,33.33
11/05/2020,29/05/2020,10:00,18,SS,C6,6,0,4,2,66.67,33.33
11/05/2020,31/05/2020,15:00,20,SS,C6,6,0,4,2,66.67,33.33
11/05/2020,02/06/2020,13:00,22,SS,C6,6,0,4,2,66.67,33.33
11/05/2020,04/06/2020,12:00,24,SS,C6,6,0,4,2,66.67,33.33
11/05/2020,13/05/2020,15:00,2,SS,D1,25,19,6,0,24,0
11/05/2020,14/05/2020,14:00,3,SS,D1,25,11,14,0,56,0
11/05/2020,15/05/2020,10:00,4,SS,D1,25,8,16,1,64,4
11/05/2020,17/05/2020,12:30,6,SS,D1,25,6,18,1,72,4
11/05/2020,19/05/2020,12:30,8,SS,D1,25,4,7,14,28,56
11/05/2020,20/05/2020,14:00,9,SS,D1,25,0,8,17,32,68
11/05/2020,22/05/2020,13:00,11,SS,D1,25,0,4,21,16,84
11/05/2020,24/05/2020,10:00,13,SS,D1,25,0,4,21,16,84
11/05/2020,25/05/2020,12:00,14,SS,D1,25,0,4,21,16,84
11/05/2020,26/05/2020,12:00,15,SS,D1,25,0,4,21,16,84
11/05/2020,29/05/2020,10:00,18,SS,D1,25,0,4,21,16,84
11/05/2020,31/05/2020,15:00,20,SS,D1,25,0,4,21,16,84
11/05/2020,02/06/2020,13:00,22,SS,D1,25,0,4,21,16,84
11/05/2020,04/06/2020,12:00,24,SS,D1,25,0,4,21,16,84
11/05/2020,13/05/2020,15:00,2,SS,D2,25,22,3,0,12,0
11/05/2020,14/05/2020,14:00,3,SS,D2,25,17,8,0,32,0
11/05/2020,15/05/2020,10:00,4,SS,D2,25,12,13,0,52,0
11/05/2020,17/05/2020,12:30,6,SS,D2,25,11,14,0,56,0
11/05/2020,19/05/2020,12:30,8,SS,D2,25,3,14,8,56,32
11/05/2020,20/05/2020,14:00,9,SS,D2,25,3,9,13,36,52
11/05/2020,22/05/2020,13:00,11,SS,D2,25,0,7,18,28,72
11/05/2020,24/05/2020,10:00,13,SS,D2,25,0,5,20,20,80
11/05/2020,25/05/2020,12:00,14,SS,D2,25,0,5,20,20,80
11/05/2020,26/05/2020,12:00,15,SS,D2,25,0,5,20,20,80
11/05/2020,29/05/2020,10:00,18,SS,D2,25,0,5,20,20,80
11/05/2020,31/05/2020,15:00,20,SS,D2,25,0,5,20,20,80
11/05/2020,02/06/2020,13:00,22,SS,D2,25,0,5,20,20,80
11/05/2020,04/06/2020,12:00,24,SS,D2,25,0,5,20,20,80
11/05/2020,13/05/2020,15:00,2,SS,D3,25,18,7,0,28,0
11/05/2020,14/05/2020,14:00,3,SS,D3,25,14,11,0,44,0
11/05/2020,15/05/2020,10:00,4,SS,D3,25,11,14,0,56,0
11/05/2020,17/05/2020,12:30,6,SS,D3,25,9,16,0,64,0
11/05/2020,19/05/2020,12:30,8,SS,D3,25,8,10,7,40,28
11/05/2020,20/05/2020,14:00,9,SS,D3,25,3,10,12,40,48
11/05/2020,22/05/2020,13:00,11,SS,D3,25,3,10,12,40,48
11/05/2020,24/05/2020,10:00,13,SS,D3,25,3,10,12,40,48
11/05/2020,25/05/2020,12:00,14,SS,D3,25,0,10,15,40,60
11/05/2020,26/05/2020,12:00,15,SS,D3,25,0,10,15,40,60
11/05/2020,29/05/2020,10:00,18,SS,D3,25,0,6,19,24,76
11/05/2020,31/05/2020,15:00,20,SS,D3,25,0,6,19,24,76
11/05/2020,02/06/2020,13:00,22,SS,D3,25,0,6,19,24,76
11/05/2020,04/06/2020,12:00,24,SS,D3,25,0,5,20,20,80
11/05/2020,13/05/2020,15:00,2,SS,D4,25,25,0,0,0,0
11/05/2020,14/05/2020,14:00,3,SS,D4,25,20,5,0,20,0
11/05/2020,15/05/2020,10:00,4,SS,D4,25,15,9,1,36,4
11/05/2020,17/05/2020,12:30,6,SS,D4,25,15,9,1,36,4
11/05/2020,19/05/2020,12:30,8,SS,D4,25,15,9,1,36,4
11/05/2020,20/05/2020,14:00,9,SS,D4,25,4,9,12,36,48
11/05/2020,22/05/2020,13:00,11,SS,D4,25,0,2,23,8,92
11/05/2020,24/05/2020,10:00,13,SS,D4,25,0,2,23,8,92
11/05/2020,25/05/2020,12:00,14,SS,D4,25,0,1,24,4,96
11/05/2020,26/05/2020,12:00,15,SS,D4,25,0,1,24,4,96
11/05/2020,29/05/2020,10:00,18,SS,D4,25,0,1,24,4,96
11/05/2020,31/05/2020,15:00,20,SS,D4,25,0,1,24,4,96
11/05/2020,02/06/2020,13:00,22,SS,D4,25,0,1,24,4,96
11/05/2020,04/06/2020,12:00,24,SS,D4,25,0,1,24,4,96
11/05/2020,19/05/2020,12:30,8,SS,D5,8,4,4,0,50,0
11/05/2020,20/05/2020,14:00,9,SS,D5,8,0,2,6,25,75
11/05/2020,22/05/2020,13:00,11,SS,D5,8,0,2,6,25,75
11/05/2020,24/05/2020,10:00,13,SS,D5,8,0,2,6,25,75
11/05/2020,25/05/2020,12:00,14,SS,D5,8,0,2,6,25,75
11/05/2020,26/05/2020,12:00,15,SS,D5,8,0,2,6,25,75
11/05/2020,29/05/2020,10:00,18,SS,D5,8,0,2,6,25,75
11/05/2020,31/05/2020,15:00,20,SS,D5,8,0,2,6,25,75
11/05/2020,02/06/2020,13:00,22,SS,D5,8,0,1,7,12.5,87.5
11/05/2020,04/06/2020,12:00,24,SS,D5,8,0,1,7,12.5,87.5
11/05/2020,19/05/2020,12:30,8,SS,D6,7,7,0,0,0,0
11/05/2020,20/05/2020,14:00,9,SS,D6,7,0,1,6,14.29,85.71
11/05/2020,22/05/2020,13:00,11,SS,D6,7,0,1,6,14.29,85.71
11/05/2020,24/05/2020,10:00,13,SS,D6,7,0,1,6,14.29,85.71
11/05/2020,25/05/2020,12:00,14,SS,D6,7,0,1,6,14.29,85.71
11/05/2020,26/05/2020,12:00,15,SS,D6,7,0,1,6,14.29,85.71
11/05/2020,29/05/2020,10:00,18,SS,D6,7,0,1,6,14.29,85.71
11/05/2020,31/05/2020,15:00,20,SS,D6,7,0,1,6,14.29,85.71
11/05/2020,02/06/2020,13:00,22,SS,D6,7,0,1,6,14.29,85.71
11/05/2020,04/06/2020,12:00,24,SS,D6,7,0,1,6,14.29,85.71
11/05/2020,19/05/2020,12:30,8,SD,E1,4,3,1,0,25,0
11/05/2020,20/05/2020,14:00,9,SD,E1,4,0,2,2,50,50
11/05/2020,22/05/2020,13:00,11,SD,E1,4,0,2,2,50,50
11/05/2020,24/05/2020,10:00,13,SD,E1,4,0,2,2,50,50
11/05/2020,25/05/2020,12:00,14,SD,E1,4,0,2,2,50,50
11/05/2020,26/05/2020,12:00,15,SD,E1,4,0,0,4,0,100
11/05/2020,29/05/2020,10:00,18,SD,E1,4,0,0,4,0,100
11/05/2020,31/05/2020,15:00,20,SD,E1,4,0,0,4,0,100
11/05/2020,02/06/2020,13:00,22,SD,E1,4,0,0,4,0,100
11/05/2020,04/06/2020,12:00,24,SD,E1,4,0,0,4,0,100
11/05/2020,20/05/2020,14:00,9,SD,E2,4,3,1,0,25,0
11/05/2020,22/05/2020,13:00,11,SD,E2,4,2,2,0,50,0
11/05/2020,24/05/2020,10:00,13,SD,E2,4,2,2,0,50,0
11/05/2020,25/05/2020,12:00,14,SD,E2,4,2,1,1,25,25
11/05/2020,26/05/2020,12:00,15,SD,E2,4,2,1,1,25,25
11/05/2020,29/05/2020,10:00,18,SD,E2,4,0,1,3,25,75
11/05/2020,31/05/2020,15:00,20,SD,E2,4,0,0,4,0,100
11/05/2020,02/06/2020,13:00,22,SD,E2,4,0,0,4,0,100
11/05/2020,04/06/2020,12:00,24,SD,E2,4,0,0,4,0,100
11/05/2020,20/05/2020,14:00,9,SD,E3,1,1,0,0,0,0
11/05/2020,22/05/2020,13:00,11,SD,E3,1,0,1,0,100,0
11/05/2020,24/05/2020,10:00,13,SD,E3,1,0,1,0,100,0
11/05/2020,25/05/2020,12:00,14,SD,E3,1,0,1,0,100,0
11/05/2020,26/05/2020,12:00,15,SD,E3,1,0,1,0,100,0
11/05/2020,29/05/2020,10:00,18,SD,E3,1,0,1,0,100,0
11/05/2020,31/05/2020,15:00,20,SD,E3,1,0,0,1,0,100
11/05/2020,02/06/2020,13:00,22,SD,E3,1,0,0,1,0,100
11/05/2020,04/06/2020,12:00,24,SD,E3,1,0,0,1,0,100
11/05/2020,20/05/2020,14:00,9,SD,E4,5,3,2,0,40,0
11/05/2020,22/05/2020,13:00,11,SD,E4,5,3,2,0,40,0
11/05/2020,24/05/2020,10:00,13,SD,E4,5,3,2,0,40,0
11/05/2020,25/05/2020,12:00,14,SD,E4,5,3,2,0,40,0
11/05/2020,26/05/2020,12:00,15,SD,E4,5,2,1,2,20,40
11/05/2020,29/05/2020,10:00,18,SD,E4,5,0,1,4,20,80
11/05/2020,31/05/2020,15:00,20,SD,E4,5,0,1,4,20,80
11/05/2020,02/06/2020,13:00,22,SD,E4,5,0,0,5,0,100
11/05/2020,04/06/2020,12:00,24,SD,E4,5,0,0,5,0,100
11/05/2020,20/05/2020,14:00,9,SD,E5,9,6,3,0,33.33,0
11/05/2020,22/05/2020,13:00,11,SD,E5,9,6,3,0,33.33,0
11/05/2020,24/05/2020,10:00,13,SD,E5,9,6,3,0,33.33,0
11/05/2020,25/05/2020,12:00,14,SD,E5,9,0,9,0,100,0
11/05/2020,26/05/2020,12:00,15,SD,E5,9,0,8,1,88.89,11.11
11/05/2020,29/05/2020,10:00,18,SD,E5,9,0,6,3,66.67,33.33
11/05/2020,31/05/2020,15:00,20,SD,E5,9,0,6,3,66.67,33.33
11/05/2020,02/06/2020,13:00,22,SD,E5,9,0,6,3,66.67,33.33
11/05/2020,04/06/2020,12:00,24,SD,E5,9,0,6,3,66.67,33.33
11/05/2020,20/05/2020,14:00,9,SD,E6,6,2,0,4,0,66.67
11/05/2020,22/05/2020,13:00,11,SD,E6,6,1,1,4,16.67,66.67
11/05/2020,24/05/2020,10:00,13,SD,E6,6,1,1,4,16.67,66.67
11/05/2020,25/05/2020,12:00,14,SD,E6,6,1,1,4,16.67,66.67
11/05/2020,26/05/2020,12:00,15,SD,E6,6,0,1,5,16.67,83.33
11/05/2020,29/05/2020,10:00,18,SD,E6,6,0,1,5,16.67,83.33
11/05/2020,31/05/2020,15:00,20,SD,E6,6,0,1,5,16.67,83.33
11/05/2020,02/06/2020,13:00,22,SD,E6,6,0,1,5,16.67,83.33
11/05/2020,04/06/2020,12:00,24,SD,E6,6,0,1,5,16.67,83.33
11/05/2020,19/05/2020,12:30,8,SS,F1,4,2,2,0,50,0
11/05/2020,20/05/2020,14:00,9,SS,F1,4,2,2,0,50,0
11/05/2020,22/05/2020,13:00,11,SS,F1,4,1,3,0,75,0
11/05/2020,24/05/2020,10:00,13,SS,F1,4,1,3,0,75,0
11/05/2020,25/05/2020,12:00,14,SS,F1,4,1,3,0,75,0
11/05/2020,26/05/2020,12:00,15,SS,F1,4,1,3,0,75,0
11/05/2020,29/05/2020,10:00,18,SS,F1,4,0,2,2,50,50
11/05/2020,31/05/2020,15:00,20,SS,F1,4,0,2,2,50,50
11/05/2020,02/06/2020,13:00,22,SS,F1,4,0,2,2,50,50
11/05/2020,04/06/2020,12:00,24,SS,F1,4,0,2,2,50,50
11/05/2020,19/05/2020,12:30,8,SS,F2,6,5,1,0,16.67,0
11/05/2020,20/05/2020,14:00,9,SS,F2,6,5,1,0,16.67,0
11/05/2020,22/05/2020,13:00,11,SS,F2,6,5,1,0,16.67,0
11/05/2020,24/05/2020,10:00,13,SS,F2,6,5,1,0,16.67,0
11/05/2020,25/05/2020,12:00,14,SS,F2,6,3,2,1,33.33,16.67
11/05/2020,26/05/2020,12:00,15,SS,F2,6,3,2,1,33.33,16.67
11/05/2020,29/05/2020,10:00,18,SS,F2,6,0,2,4,33.33,66.67
11/05/2020,31/05/2020,15:00,20,SS,F2,6,0,2,4,33.33,66.67
11/05/2020,02/06/2020,13:00,22,SS,F2,6,0,2,4,33.33,66.67
11/05/2020,04/06/2020,12:00,24,SS,F2,6,0,2,4,33.33,66.67
11/05/2020,19/05/2020,12:30,8,SS,F3,4,3,1,0,25,0
11/05/2020,20/05/2020,14:00,9,SS,F3,4,3,1,0,25,0
11/05/2020,22/05/2020,13:00,11,SS,F3,4,3,1,0,25,0
11/05/2020,24/05/2020,10:00,13,SS,F3,4,2,2,0,50,0
11/05/2020,25/05/2020,12:00,14,SS,F3,4,0,4,0,100,0
11/05/2020,26/05/2020,12:00,15,SS,F3,4,0,4,0,100,0
11/05/2020,29/05/2020,10:00,18,SS,F3,4,0,2,2,50,50
11/05/2020,31/05/2020,15:00,20,SS,F3,4,0,1,3,25,75
11/05/2020,02/06/2020,13:00,22,SS,F3,4,0,1,3,25,75
11/05/2020,04/06/2020,12:00,24,SS,F3,4,0,1,3,25,75
11/05/2020,19/05/2020,12:30,8,SS,F4,5,3,2,0,40,0
11/05/2020,20/05/2020,14:00,9,SS,F4,5,3,2,0,40,0
11/05/2020,22/05/2020,13:00,11,SS,F4,5,3,2,0,40,0
11/05/2020,24/05/2020,10:00,13,SS,F4,5,1,4,0,80,0
11/05/2020,25/05/2020,12:00,14,SS,F4,5,1,4,0,80,0
11/05/2020,26/05/2020,12:00,15,SS,F4,5,1,4,0,80,0
11/05/2020,29/05/2020,10:00,18,SS,F4,5,0,4,1,80,20
11/05/2020,31/05/2020,15:00,20,SS,F4,5,0,4,1,80,20
11/05/2020,02/06/2020,13:00,22,SS,F4,5,0,2,3,40,60
11/05/2020,04/06/2020,12:00,24,SS,F4,5,0,2,3,40,60
11/05/2020,20/05/2020,14:00,9,SS,F5,1,0,1,0,100,0
11/05/2020,22/05/2020,13:00,11,SS,F5,1,0,1,0,100,0
11/05/2020,24/05/2020,10:00,13,SS,F5,1,0,1,0,100,0
11/05/2020,25/05/2020,12:00,14,SS,F5,1,0,1,0,100,0
11/05/2020,26/05/2020,12:00,15,SS,F5,1,0,1,0,100,0
11/05/2020,29/05/2020,10:00,18,SS,F5,1,0,1,0,100,0
11/05/2020,31/05/2020,15:00,20,SS,F5,1,0,1,0,100,0
11/05/2020,02/06/2020,13:00,22,SS,F5,1,0,1,0,100,0
11/05/2020,04/06/2020,12:00,24,SS,F5,1,0,1,0,100,0
11/05/2020,20/05/2020,14:00,9,SS,F6,1,0,1,0,100,0
11/05/2020,22/05/2020,13:00,11,SS,F6,1,0,1,0,100,0
11/05/2020,24/05/2020,10:00,13,SS,F6,1,0,1,0,100,0
11/05/2020,25/05/2020,12:00,14,SS,F6,1,0,1,0,100,0
11/05/2020,26/05/2020,12:00,15,SS,F6,1,0,1,0,100,0
11/05/2020,29/05/2020,10:00,18,SS,F6,1,0,1,0,100,0
11/05/2020,31/05/2020,15:00,20,SS,F6,1,0,1,0,100,0
11/05/2020,02/06/2020,13:00,22,SS,F6,1,0,1,0,100,0
11/05/2020,04/06/2020,12:00,24,SS,F6,1,0,1,0,100,0
11/05/2020,20/05/2020,14:00,9,SD,G1,8,5,3,0,37.5,0
11/05/2020,22/05/2020,13:00,11,SD,G1,8,5,3,0,37.5,0
11/05/2020,24/05/2020,10:00,13,SD,G1,8,5,3,0,37.5,0
11/05/2020,25/05/2020,12:00,14,SD,G1,8,5,3,0,37.5,0
11/05/2020,26/05/2020,12:00,15,SD,G1,8,3,4,1,50,12.5
11/05/2020,29/05/2020,10:00,18,SD,G1,8,3,4,1,50,12.5
11/05/2020,31/05/2020,15:00,20,SD,G1,8,3,4,1,50,12.5
11/05/2020,02/06/2020,13:00,22,SD,G1,8,1,5,2,62.5,25
11/05/2020,04/06/2020,12:00,24,SD,G1,8,0,4,4,50,50
11/05/2020,20/05/2020,14:00,9,SD,G2,2,1,1,0,50,0
11/05/2020,22/05/2020,13:00,11,SD,G2,2,1,1,0,50,0
11/05/2020,24/05/2020,10:00,13,SD,G2,2,0,2,0,100,0
11/05/2020,25/05/2020,12:00,14,SD,G2,2,0,2,0,100,0
11/05/2020,26/05/2020,12:00,15,SD,G2,2,0,2,0,100,0
11/05/2020,29/05/2020,10:00,18,SD,G2,2,0,2,0,100,0
11/05/2020,31/05/2020,15:00,20,SD,G2,2,0,2,0,100,0
11/05/2020,02/06/2020,13:00,22,SD,G2,2,0,2,0,100,0
11/05/2020,04/06/2020,12:00,24,SD,G2,2,0,2,0,100,0
11/05/2020,20/05/2020,14:00,9,SD,G3,5,2,3,0,60,0
11/05/2020,22/05/2020,13:00,11,SD,G3,5,0,5,0,100,0
11/05/2020,24/05/2020,10:00,13,SD,G3,5,0,2,3,40,60
11/05/2020,25/05/2020,12:00,14,SD,G3,5,0,2,3,40,60
11/05/2020,26/05/2020,12:00,15,SD,G3,5,0,2,3,40,60
11/05/2020,29/05/2020,10:00,18,SD,G3,5,0,2,3,40,60
11/05/2020,31/05/2020,15:00,20,SD,G3,5,0,1,4,20,80
11/05/2020,02/06/2020,13:00,22,SD,G3,5,0,1,4,20,80
11/05/2020,04/06/2020,12:00,24,SD,G3,5,0,1,4,20,80
11/05/2020,20/05/2020,14:00,9,SD,G4,2,1,1,0,50,0
11/05/2020,22/05/2020,13:00,11,SD,G4,2,1,1,0,50,0
11/05/2020,24/05/2020,10:00,13,SD,G4,2,0,2,0,100,0
11/05/2020,25/05/2020,12:00,14,SD,G4,2,0,2,0,100,0
11/05/2020,26/05/2020,12:00,15,SD,G4,2,0,1,1,50,50
11/05/2020,29/05/2020,10:00,18,SD,G4,2,0,1,1,50,50
11/05/2020,31/05/2020,15:00,20,SD,G4,2,0,1,1,50,50
11/05/2020,02/06/2020,13:00,22,SD,G4,2,0,1,1,50,50
11/05/2020,04/06/2020,12:00,24,SD,G4,2,0,1,1,50,50
11/05/2020,20/05/2020,14:00,9,SD,G5,2,1,1,0,50,0
11/05/2020,22/05/2020,13:00,11,SD,G5,2,0,1,1,50,50
11/05/2020,24/05/2020,10:00,13,SD,G5,2,0,1,1,50,50
11/05/2020,25/05/2020,12:00,14,SD,G5,2,0,2,0,100,0
11/05/2020,26/05/2020,12:00,15,SD,G5,2,0,2,0,100,0
11/05/2020,29/05/2020,10:00,18,SD,G5,2,0,2,0,100,0
11/05/2020,31/05/2020,15:00,20,SD,G5,2,0,0,2,0,100
11/05/2020,02/06/2020,13:00,22,SD,G5,2,0,0,2,0,100
11/05/2020,04/06/2020,12:00,24,SD,G5,2,0,0,2,0,100
11/05/2020,20/05/2020,14:00,9,SS,H1,4,3,1,0,25,0
11/05/2020,22/05/2020,13:00,11,SS,H1,4,0,3,1,75,25
11/05/2020,24/05/2020,10:00,13,SS,H1,4,0,3,1,75,25
11/05/2020,25/05/2020,12:00,14,SS,H1,4,0,3,1,75,25
11/05/2020,26/05/2020,12:00,15,SS,H1,4,0,3,1,75,25
11/05/2020,29/05/2020,10:00,18,SS,H1,4,0,3,1,75,25
11/05/2020,31/05/2020,15:00,20,SS,H1,4,0,3,1,75,25
11/05/2020,02/06/2020,13:00,22,SS,H1,4,0,3,1,75,25
11/05/2020,04/06/2020,12:00,24,SS,H1,4,0,2,2,50,50
11/05/2020,20/05/2020,14:00,9,SS,H2,3,0,3,0,100,0
11/05/2020,22/05/2020,13:00,11,SS,H2,3,0,3,0,100,0
11/05/2020,24/05/2020,10:00,13,SS,H2,3,0,3,0,100,0
11/05/2020,25/05/2020,12:00,14,SS,H2,3,0,3,0,100,0
11/05/2020,26/05/2020,12:00,15,SS,H2,3,0,3,0,100,0
11/05/2020,29/05/2020,10:00,18,SS,H2,3,0,3,0,100,0
11/05/2020,31/05/2020,15:00,20,SS,H2,3,0,2,1,66.67,33.33
11/05/2020,02/06/2020,13:00,22,SS,H2,3,0,1,2,33.33,66.67
11/05/2020,04/06/2020,12:00,24,SS,H2,3,0,1,2,33.33,66.67
11/05/2020,20/05/2020,14:00,9,SS,H3,5,4,1,0,20,0
11/05/2020,22/05/2020,13:00,11,SS,H3,5,0,4,1,80,20
11/05/2020,24/05/2020,10:00,13,SS,H3,5,0,4,1,80,20
11/05/2020,25/05/2020,12:00,14,SS,H3,5,0,4,1,80,20
11/05/2020,26/05/2020,12:00,15,SS,H3,5,0,4,1,80,20
11/05/2020,29/05/2020,10:00,18,SS,H3,5,0,4,1,80,20
11/05/2020,31/05/2020,15:00,20,SS,H3,5,0,3,2,60,40
11/05/2020,02/06/2020,13:00,22,SS,H3,5,0,3,2,60,40
11/05/2020,04/06/2020,12:00,24,SS,H3,5,0,3,2,60,40
11/05/2020,20/05/2020,14:00,9,SS,H4,7,6,1,0,14.29,0
11/05/2020,22/05/2020,13:00,11,SS,H4,7,6,1,0,14.29,0
11/05/2020,24/05/2020,10:00,13,SS,H4,7,6,1,0,14.29,0
11/05/2020,25/05/2020,12:00,14,SS,H4,7,4,3,0,42.86,0
11/05/2020,26/05/2020,12:00,15,SS,H4,7,2,4,1,57.14,14.29
11/05/2020,29/05/2020,10:00,18,SS,H4,7,0,4,3,57.14,42.86
11/05/2020,31/05/2020,15:00,20,SS,H4,7,0,4,3,57.14,42.86
11/05/2020,02/06/2020,13:00,22,SS,H4,7,0,1,6,14.29,85.71
11/05/2020,04/06/2020,12:00,24,SS,H4,7,0,1,6,14.29,85.71
11/05/2020,20/05/2020,14:00,9,SS,H5,6,4,2,0,33.33,0
11/05/2020,22/05/2020,13:00,11,SS,H5,6,0,3,3,50,50
11/05/2020,24/05/2020,10:00,13,SS,H5,6,0,4,2,66.67,33.33
11/05/2020,25/05/2020,12:00,14,SS,H5,6,0,3,3,50,50
11/05/2020,26/05/2020,12:00,15,SS,H5,6,0,3,3,50,50
11/05/2020,29/05/2020,10:00,18,SS,H5,6,0,1,5,16.67,83.33
11/05/2020,31/05/2020,15:00,20,SS,H5,6,0,1,5,16.67,83.33
11/05/2020,02/06/2020,13:00,22,SS,H5,6,0,1,5,16.67,83.33
11/05/2020,04/06/2020,12:00,24,SS,H5,6,0,1,5,16.67,83.33
11/05/2020,20/05/2020,14:00,9,SS,H6,8,8,0,0,0,0
11/05/2020,22/05/2020,13:00,11,SS,H6,8,8,0,0,0,0
11/05/2020,24/05/2020,10:00,13,SS,H6,8,3,4,1,50,12.5
11/05/2020,25/05/2020,12:00,14,SS,H6,8,3,4,1,50,12.5
11/05/2020,26/05/2020,12:00,15,SS,H6,8,2,5,1,62.5,12.5
11/05/2020,29/05/2020,10:00,18,SS,H6,8,0,4,4,50,50
11/05/2020,31/05/2020,15:00,20,SS,H6,8,0,4,4,50,50
11/05/2020,02/06/2020,13:00,22,SS,H6,8,0,4,4,50,50
11/05/2020,04/06/2020,12:00,24,SS,H6,8,0,4,4,50,50
09/06/2020,09/06/2020,17:00,0,DS,J1,5,5,0,0,0,0
09/06/2020,14/06/2020,18:30,5,DS,J1,5,2,1,2,20,40
09/06/2020,15/06/2020,13:00,6,DS,J1,5,1,3,1,60,20
09/06/2020,16/06/2020,13:00,7,DS,J1,5,1,3,1,60,20
09/06/2020,17/06/2020,,8,DS,J1,5,1,3,1,60,20
09/06/2020,18/06/2020,,9,DS,J1,5,1,3,1,60,20
09/06/2020,20/06/2020,,11,DS,J1,5,1,3,1,60,20
09/06/2020,22/06/2020,,13,DS,J1,5,1,3,1,60,20
09/06/2020,24/06/2020,,15,DS,J1,5,1,3,1,60,20
09/06/2020,25/06/2020,,16,DS,J1,5,0,3,2,60,40
09/06/2020,28/06/2020,,19,DS,J1,5,0,3,2,60,40
09/06/2020,29/06/2020,,20,DS,J1,5,0,2,3,40,60
09/06/2020,09/06/2020,17:00,0,DS,J2,6,6,0,0,0,0
09/06/2020,14/06/2020,18:30,5,DS,J2,6,5,0,1,0,16.67
09/06/2020,15/06/2020,13:00,6,DS,J2,6,5,0,1,0,16.67
09/06/2020,16/06/2020,13:00,7,DS,J2,6,5,0,1,0,16.67
09/06/2020,17/06/2020,,8,DS,J2,6,5,0,1,0,16.67
09/06/2020,18/06/2020,,9,DS,J2,6,5,0,1,0,16.67
09/06/2020,20/06/2020,,11,DS,J2,6,5,0,1,0,16.67
09/06/2020,22/06/2020,,13,DS,J2,6,5,0,1,0,16.67
09/06/2020,24/06/2020,,15,DS,J2,6,4,0,2,0,33.33
09/06/2020,25/06/2020,,16,DS,J2,6,0,0,6,0,100
09/06/2020,28/06/2020,,19,DS,J2,6,0,0,6,0,100
09/06/2020,29/06/2020,,20,DS,J2,6,0,0,6,0,100
09/06/2020,09/06/2020,17:00,0,DS,J3,7,6,0,1,0,14.29
09/06/2020,14/06/2020,18:30,5,DS,J3,7,5,1,1,14.29,14.29
09/06/2020,15/06/2020,13:00,6,DS,J3,7,3,1,3,14.29,42.86
09/06/2020,16/06/2020,13:00,7,DS,J3,7,3,1,3,14.29,42.86
09/06/2020,17/06/2020,,8,DS,J3,7,2,2,3,28.57,42.86
09/06/2020,18/06/2020,,9,DS,J3,7,1,2,4,28.57,57.14
09/06/2020,20/06/2020,,11,DS,J3,7,1,2,4,28.57,57.14
09/06/2020,22/06/2020,,13,DS,J3,7,1,2,4,28.57,57.14
09/06/2020,24/06/2020,,15,DS,J3,7,1,2,4,28.57,57.14
09/06/2020,25/06/2020,,16,DS,J3,7,0,2,5,28.57,71.43
09/06/2020,28/06/2020,,19,DS,J3,7,0,2,5,28.57,71.43
09/06/2020,29/06/2020,,20,DS,J3,7,0,2,5,28.57,71.43
09/06/2020,09/06/2020,17:00,0,DS,J4,1,1,0,0,0,0
09/06/2020,14/06/2020,18:30,5,DS,J4,1,0,1,0,100,0
09/06/2020,15/06/2020,13:00,6,DS,J4,1,0,1,0,100,0
09/06/2020,16/06/2020,13:00,7,DS,J4,1,0,1,0,100,0
09/06/2020,17/06/2020,,8,DS,J4,1,0,1,0,100,0
09/06/2020,18/06/2020,,9,DS,J4,1,0,1,0,100,0
09/06/2020,20/06/2020,,11,DS,J4,1,0,1,0,100,0
09/06/2020,22/06/2020,,13,DS,J4,1,0,1,0,100,0
09/06/2020,24/06/2020,,15,DS,J4,1,0,1,0,100,0
09/06/2020,25/06/2020,,16,DS,J4,1,0,1,0,100,0
09/06/2020,28/06/2020,,19,DS,J4,1,0,1,0,100,0
09/06/2020,29/06/2020,,20,DS,J4,1,0,1,0,100,0
09/06/2020,15/06/2020,13:00,6,DS,J5,2,0,2,0,100,0
09/06/2020,16/06/2020,13:00,7,DS,J5,2,0,2,0,100,0
09/06/2020,17/06/2020,,8,DS,J5,2,0,2,0,100,0
09/06/2020,18/06/2020,,9,DS,J5,2,0,2,0,100,0
09/06/2020,20/06/2020,,11,DS,J5,2,0,2,0,100,0
09/06/2020,22/06/2020,,13,DS,J5,2,0,2,0,100,0
09/06/2020,24/06/2020,,15,DS,J5,2,0,2,0,100,0
09/06/2020,25/06/2020,,16,DS,J5,2,0,2,0,100,0
09/06/2020,28/06/2020,,19,DS,J5,2,0,2,0,100,0
09/06/2020,29/06/2020,,20,DS,J5,2,0,2,0,100,0
09/06/2020,09/06/2020,17:00,0,DS,J7,1,0,1,0,100,0
09/06/2020,14/06/2020,18:30,5,DS,J7,1,0,1,0,100,0
09/06/2020,15/06/2020,13:00,6,DS,J7,1,0,1,0,100,0
09/06/2020,16/06/2020,13:00,7,DS,J7,1,0,1,0,100,0
09/06/2020,17/06/2020,,8,DS,J7,1,0,1,0,100,0
09/06/2020,18/06/2020,,9,DS,J7,1,0,1,0,100,0
09/06/2020,20/06/2020,,11,DS,J7,1,0,1,0,100,0
09/06/2020,22/06/2020,,13,DS,J7,1,0,1,0,100,0
09/06/2020,24/06/2020,,15,DS,J7,1,0,1,0,100,0
09/06/2020,25/06/2020,,16,DS,J7,1,0,1,0,100,0
09/06/2020,28/06/2020,,19,DS,J7,1,0,1,0,100,0
09/06/2020,29/06/2020,,20,DS,J7,1,0,1,0,100,0
09/06/2020,09/06/2020,17:00,0,DD,K1,5,5,0,0,0,0
09/06/2020,14/06/2020,18:30,5,DD,K1,5,5,0,0,0,0
09/06/2020,15/06/2020,13:00,6,DD,K1,5,4,1,0,20,0
09/06/2020,16/06/2020,13:00,7,DD,K1,5,4,1,0,20,0
09/06/2020,17/06/2020,,8,DD,K1,5,3,1,1,20,20
09/06/2020,18/06/2020,,9,DD,K1,5,3,1,1,20,20
09/06/2020,20/06/2020,,11,DD,K1,5,3,1,1,20,20
09/06/2020,22/06/2020,,13,DD,K1,5,2,1,2,20,40
09/06/2020,24/06/2020,,15,DD,K1,5,2,1,2,20,40
09/06/2020,25/06/2020,,16,DD,K1,5,0,1,4,20,80
09/06/2020,28/06/2020,,19,DD,K1,5,0,1,4,20,80
09/06/2020,29/06/2020,,20,DD,K1,5,0,1,4,20,80
09/06/2020,09/06/2020,17:00,0,DD,K2,6,6,0,0,0,0
09/06/2020,14/06/2020,18:30,5,DD,K2,6,6,0,0,0,0
09/06/2020,15/06/2020,13:00,6,DD,K2,6,5,1,0,16.67,0
09/06/2020,16/06/2020,13:00,7,DD,K2,6,5,1,0,16.67,0
09/06/2020,17/06/2020,,8,DD,K2,6,4,2,0,33.33,0
09/06/2020,18/06/2020,,9,DD,K2,6,4,2,0,33.33,0
09/06/2020,20/06/2020,,11,DD,K2,6,3,2,1,33.33,16.67
09/06/2020,22/06/2020,,13,DD,K2,6,3,2,1,33.33,16.67
09/06/2020,24/06/2020,,15,DD,K2,6,2,2,2,33.33,33.33
09/06/2020,25/06/2020,,16,DD,K2,6,0,2,4,33.33,66.67
09/06/2020,28/06/2020,,19,DD,K2,6,0,2,4,33.33,66.67
09/06/2020,29/06/2020,,20,DD,K2,6,0,2,4,33.33,66.67
09/06/2020,09/06/2020,17:00,0,DD,K3,6,6,0,0,0,0
09/06/2020,14/06/2020,18:30,5,DD,K3,6,6,0,0,0,0
09/06/2020,15/06/2020,13:00,6,DD,K3,6,4,2,0,33.33,0
09/06/2020,16/06/2020,13:00,7,DD,K3,6,4,2,0,33.33,0
09/06/2020,17/06/2020,,8,DD,K3,6,4,2,0,33.33,0
09/06/2020,18/06/2020,,9,DD,K3,6,4,2,0,33.33,0
09/06/2020,20/06/2020,,11,DD,K3,6,4,2,0,33.33,0
09/06/2020,22/06/2020,,13,DD,K3,6,4,2,0,33.33,0
09/06/2020,24/06/2020,,15,DD,K3,6,4,2,0,33.33,0
09/06/2020,25/06/2020,,16,DD,K3,6,4,2,0,33.33,0
09/06/2020,28/06/2020,,19,DD,K3,6,4,2,0,33.33,0
09/06/2020,29/06/2020,,20,DD,K3,6,4,2,0,33.33,0
09/06/2020,09/06/2020,17:00,0,DD,K4,1,1,0,0,0,0
09/06/2020,14/06/2020,18:30,5,DD,K4,1,1,0,0,0,0
09/06/2020,15/06/2020,13:00,6,DD,K4,1,1,0,0,0,0
09/06/2020,16/06/2020,13:00,7,DD,K4,1,1,0,0,0,0
09/06/2020,17/06/2020,,8,DD,K4,1,1,0,0,0,0
09/06/2020,18/06/2020,,9,DD,K4,1,1,0,0,0,0
09/06/2020,20/06/2020,,11,DD,K4,1,1,0,0,0,0
09/06/2020,22/06/2020,,13,DD,K4,1,1,0,0,0,0
09/06/2020,24/06/2020,,15,DD,K4,1,1,0,0,0,0
09/06/2020,25/06/2020,,16,DD,K4,1,1,0,0,0,0
09/06/2020,28/06/2020,,19,DD,K4,1,1,0,0,0,0
09/06/2020,29/06/2020,,20,DD,K4,1,1,0,0,0,0
09/06/2020,09/06/2020,17:00,0,DD,K7,1,0,1,0,100,0
09/06/2020,14/06/2020,18:30,5,DD,K7,1,0,1,0,100,0
09/06/2020,15/06/2020,13:00,6,DD,K7,1,0,1,0,100,0
09/06/2020,16/06/2020,13:00,7,DD,K7,1,0,1,0,100,0
09/06/2020,17/06/2020,,8,DD,K7,1,0,1,0,100,0
09/06/2020,18/06/2020,,9,DD,K7,1,0,1,0,100,0
09/06/2020,20/06/2020,,11,DD,K7,1,0,1,0,100,0
09/06/2020,22/06/2020,,13,DD,K7,1,0,1,0,100,0
09/06/2020,24/06/2020,,15,DD,K7,1,0,1,0,100,0
09/06/2020,25/06/2020,,16,DD,K7,1,0,1,0,100,0
09/06/2020,28/06/2020,,19,DD,K7,1,0,1,0,100,0
09/06/2020,29/06/2020,,20,DD,K7,1,0,1,0,100,0
09/06/2020,14/06/2020,17:00,5,SD,L1,9,8,1,0,11.11,0
09/06/2020,15/06/2020,18:30,6,SD,L1,9,8,1,0,11.11,0
09/06/2020,16/06/2020,13:00,7,SD,L1,9,8,1,0,11.11,0
09/06/2020,16/06/2020,13:00,7,SD,L1,9,8,1,0,11.11,0
09/06/2020,17/06/2020,13:00,8,SD,L1,9,6,2,1,22.22,11.11
09/06/2020,18/06/2020,13:00,9,SD,L1,9,5,2,2,22.22,22.22
09/06/2020,20/06/2020,13:00,11,SD,L1,9,5,2,2,22.22,22.22
09/06/2020,22/06/2020,13:00,13,SD,L1,9,5,2,2,22.22,22.22
09/06/2020,24/06/2020,,15,SD,L1,9,0,2,7,22.22,77.78
09/06/2020,25/06/2020,,16,SD,L1,9,0,2,7,22.22,77.78
09/06/2020,28/06/2020,,19,SD,L1,9,0,2,7,22.22,77.78
09/06/2020,29/06/2020,,20,SD,L1,9,0,2,7,22.22,77.78
09/06/2020,14/06/2020,17:00,5,SD,L2,8,7,1,0,12.5,0
09/06/2020,15/06/2020,18:30,6,SD,L2,8,7,1,0,12.5,0
09/06/2020,16/06/2020,13:00,7,SD,L2,8,7,1,0,12.5,0
09/06/2020,16/06/2020,13:00,7,SD,L2,8,7,1,0,12.5,0
09/06/2020,17/06/2020,13:00,8,SD,L2,8,7,1,0,12.5,0
09/06/2020,18/06/2020,13:00,9,SD,L2,8,7,1,0,12.5,0
09/06/2020,20/06/2020,13:00,11,SD,L2,8,7,1,0,12.5,0
09/06/2020,22/06/2020,13:00,13,SD,L2,8,4,1,3,12.5,37.5
09/06/2020,24/06/2020,,15,SD,L2,8,0,2,6,25,75
09/06/2020,25/06/2020,,16,SD,L2,8,0,2,6,25,75
09/06/2020,28/06/2020,,19,SD,L2,8,0,2,6,25,75
09/06/2020,29/06/2020,,20,SD,L2,8,0,2,6,25,75
09/06/2020,14/06/2020,17:00,5,SD,L3,10,10,0,0,0,0
09/06/2020,15/06/2020,18:30,6,SD,L3,10,10,0,0,0,0
09/06/2020,16/06/2020,13:00,7,SD,L3,10,10,0,0,0,0
09/06/2020,16/06/2020,13:00,7,SD,L3,10,10,0,0,0,0
09/06/2020,17/06/2020,13:00,8,SD,L3,10,8,2,0,20,0
09/06/2020,18/06/2020,13:00,9,SD,L3,10,6,4,0,40,0
09/06/2020,20/06/2020,13:00,11,SD,L3,10,6,4,0,40,0
09/06/2020,22/06/2020,13:00,13,SD,L3,10,6,4,0,40,0
09/06/2020,24/06/2020,,15,SD,L3,10,4,3,3,30,30
09/06/2020,25/06/2020,,16,SD,L3,10,4,3,3,30,30
09/06/2020,28/06/2020,,19,SD,L3,10,4,3,3,30,30
09/06/2020,29/06/2020,,20,SD,L3,10,2,3,5,30,50
09/06/2020,14/06/2020,17:00,5,SD,L4,11,11,0,0,0,0
09/06/2020,15/06/2020,18:30,6,SD,L4,11,11,0,0,0,0
09/06/2020,16/06/2020,13:00,7,SD,L4,11,8,2,1,18.18,9.09
09/06/2020,16/06/2020,13:00,7,SD,L4,11,8,2,1,18.18,9.09
09/06/2020,17/06/2020,13:00,8,SD,L4,11,6,3,2,27.27,18.18
09/06/2020,18/06/2020,13:00,9,SD,L4,11,5,3,3,27.27,27.27
09/06/2020,20/06/2020,13:00,11,SD,L4,11,5,3,3,27.27,27.27
09/06/2020,22/06/2020,13:00,13,SD,L4,11,5,3,3,27.27,27.27
09/06/2020,24/06/2020,,15,SD,L4,11,0,3,8,27.27,72.73
09/06/2020,25/06/2020,,16,SD,L4,11,0,3,8,27.27,72.73
09/06/2020,28/06/2020,,19,SD,L4,11,0,3,8,27.27,72.73
09/06/2020,29/06/2020,,20,SD,L4,11,0,3,8,27.27,72.73
09/06/2020,14/06/2020,17:00,5,SS,M1,10,10,0,0,0,0
09/06/2020,15/06/2020,18:30,6,SS,M1,10,10,0,0,0,0
09/06/2020,16/06/2020,13:00,7,SS,M1,10,8,2,0,20,0
09/06/2020,17/06/2020,13:00,8,SS,M1,10,8,2,0,20,0
09/06/2020,18/06/2020,13:00,9,SS,M1,10,6,2,2,20,20
09/06/2020,20/06/2020,13:00,11,SS,M1,10,6,2,2,20,20
09/06/2020,22/06/2020,13:00,13,SS,M1,10,2,2,6,20,60
09/06/2020,24/06/2020,,15,SS,M1,10,0,1,9,10,90
09/06/2020,25/06/2020,,16,SS,M1,10,0,1,9,10,90
09/06/2020,28/06/2020,,19,SS,M1,10,0,1,9,10,90
09/06/2020,29/06/2020,,20,SS,M1,10,0,1,9,10,90
09/06/2020,14/06/2020,17:00,5,SS,M2,10,10,0,0,0,0
09/06/2020,15/06/2020,18:30,6,SS,M2,10,9,1,0,10,0
09/06/2020,16/06/2020,13:00,7,SS,M2,10,7,1,2,10,20
09/06/2020,17/06/2020,13:00,8,SS,M2,10,6,2,2,20,20
09/06/2020,18/06/2020,13:00,9,SS,M2,10,4,3,3,30,30
09/06/2020,20/06/2020,13:00,11,SS,M2,10,2,4,4,40,40
09/06/2020,22/06/2020,13:00,13,SS,M2,10,2,4,4,40,40
09/06/2020,24/06/2020,,15,SS,M2,10,0,4,6,40,60
09/06/2020,25/06/2020,,16,SS,M2,10,0,4,6,40,60
09/06/2020,28/06/2020,,19,SS,M2,10,0,4,6,40,60
09/06/2020,29/06/2020,,20,SS,M2,10,0,4,6,40,60
09/06/2020,14/06/2020,17:00,5,SS,M3,10,10,0,0,0,0
09/06/2020,15/06/2020,18:30,6,SS,M3,10,10,0,0,0,0
09/06/2020,16/06/2020,13:00,7,SS,M3,10,10,0,0,0,0
09/06/2020,17/06/2020,13:00,8,SS,M3,10,9,1,0,10,0
09/06/2020,18/06/2020,13:00,9,SS,M3,10,8,2,0,20,0
09/06/2020,20/06/2020,13:00,11,SS,M3,10,8,2,0,20,0
09/06/2020,22/06/2020,13:00,13,SS,M3,10,6,2,2,20,20
09/06/2020,24/06/2020,,15,SS,M3,10,0,2,8,20,80
09/06/2020,25/06/2020,,16,SS,M3,10,0,2,8,20,80
09/06/2020,28/06/2020,,19,SS,M3,10,0,2,8,20,80
09/06/2020,29/06/2020,,20,SS,M3,10,0,2,8,20,80
09/06/2020,14/06/2020,17:00,5,SS,M4,11,11,0,0,0,0
09/06/2020,15/06/2020,18:30,6,SS,M4,11,9,2,0,18.18,0
09/06/2020,16/06/2020,13:00,7,SS,M4,11,9,2,0,18.18,0
09/06/2020,17/06/2020,13:00,8,SS,M4,11,9,2,0,18.18,0
09/06/2020,18/06/2020,13:00,9,SS,M4,11,9,2,0,18.18,0
09/06/2020,20/06/2020,13:00,11,SS,M4,11,9,2,0,18.18,0
09/06/2020,22/06/2020,13:00,13,SS,M4,11,7,2,2,18.18,18.18
09/06/2020,24/06/2020,,15,SS,M4,11,3,4,4,36.36,36.36
09/06/2020,25/06/2020,,16,SS,M4,11,3,4,4,36.36,36.36
09/06/2020,28/06/2020,,19,SS,M4,11,3,4,4,36.36,36.36
09/06/2020,29/06/2020,,20,SS,M4,11,3,4,4,36.36,36.36
09/06/2020,14/06/2020,17:00,5,SS,M5,10,8,2,0,20,0
09/06/2020,15/06/2020,18:30,6,SS,M5,10,8,2,0,20,0
09/06/2020,16/06/2020,13:00,7,SS,M5,10,6,2,2,20,20
09/06/2020,17/06/2020,13:00,8,SS,M5,10,6,2,2,20,20
09/06/2020,18/06/2020,13:00,9,SS,M5,10,5,3,2,30,20
09/06/2020,20/06/2020,13:00,11,SS,M5,10,4,3,3,30,30
09/06/2020,22/06/2020,13:00,13,SS,M5,10,2,5,3,50,30
09/06/2020,24/06/2020,,15,SS,M5,10,0,5,5,50,50
09/06/2020,25/06/2020,,16,SS,M5,10,0,5,5,50,50
09/06/2020,28/06/2020,,19,SS,M5,10,0,5,5,50,50
09/06/2020,29/06/2020,,20,SS,M5,10,0,5,5,50,50
09/06/2020,14/06/2020,17:00,5,SS,M6,5,4,1,0,20,0
09/06/2020,15/06/2020,18:30,6,SS,M6,5,4,1,0,20,0
09/06/2020,16/06/2020,13:00,7,SS,M6,5,4,1,0,20,0
09/06/2020,17/06/2020,13:00,8,SS,M6,5,4,1,0,20,0
09/06/2020,18/06/2020,13:00,9,SS,M6,5,4,1,0,20,0
09/06/2020,20/06/2020,13:00,11,SS,M6,5,4,1,0,20,0
09/06/2020,22/06/2020,13:00,13,SS,M6,5,4,1,0,20,0
09/06/2020,24/06/2020,,15,SS,M6,5,0,1,4,20,80
09/06/2020,25/06/2020,,16,SS,M6,5,0,1,4,20,80
09/06/2020,28/06/2020,,19,SS,M6,5,0,1,4,20,80
09/06/2020,29/06/2020,,20,SS,M6,5,0,1,4,20,80
09/06/2020,24/06/2020,,15,SS,N1,4,3,1,0,25,0
09/06/2020,25/06/2020,,16,SS,N1,4,1,2,1,50,25
09/06/2020,28/06/2020,,19,SS,N1,4,1,2,1,50,25
09/06/2020,29/06/2020,,20,SS,N1,4,1,2,1,50,25
09/06/2020,24/06/2020,,15,SS,N2,4,1,2,1,50,25
09/06/2020,25/06/2020,,16,SS,N2,4,1,1,2,25,50
09/06/2020,28/06/2020,,19,SS,N2,4,1,1,2,25,50
09/06/2020,29/06/2020,,20,SS,N2,4,1,1,2,25,50
09/06/2020,24/06/2020,,15,SS,N3,6,4,2,0,33.33,0
09/06/2020,25/06/2020,,16,SS,N3,6,3,3,0,50,0
09/06/2020,28/06/2020,,19,SS,N3,6,3,3,0,50,0
09/06/2020,29/06/2020,,20,SS,N3,6,3,3,0,50,0
09/06/2020,24/06/2020,,15,SS,N4,8,4,4,0,50,0
09/06/2020,25/06/2020,,16,SS,N4,8,1,7,0,87.5,0
09/06/2020,28/06/2020,,19,SS,N4,8,0,8,0,100,0
09/06/2020,29/06/2020,,20,SS,N4,8,0,8,0,100,0
09/06/2020,24/06/2020,,15,SS,N5,4,2,1,1,25,25
09/06/2020,25/06/2020,,16,SS,N5,4,1,2,1,50,25
09/06/2020,28/06/2020,,19,SS,N5,4,1,2,1,50,25
09/06/2020,29/06/2020,,20,SS,N5,4,1,2,1,50,25
09/06/2020,24/06/2020,,15,SS,N6,5,4,1,0,20,0
09/06/2020,25/06/2020,,16,SS,N6,5,1,2,2,40,40
09/06/2020,28/06/2020,,19,SS,N6,5,1,2,2,40,40
09/06/2020,29/06/2020,,20,SS,N6,5,1,2,2,40,40
09/06/2020,24/06/2020,,15,SD,O3,7,6,1,0,14.29,0
09/06/2020,25/06/2020,,16,SD,O3,7,5,1,1,14.29,14.29
09/06/2020,28/06/2020,,19,SD,O3,7,4,3,0,42.86,0
09/06/2020,29/06/2020,,20,SD,O3,7,4,3,0,42.86,0
09/06/2020,24/06/2020,,15,SD,O4,6,6,0,0,0,0
09/06/2020,25/06/2020,,16,SD,O4,6,5,1,0,16.67,0
09/06/2020,28/06/2020,,19,SD,O4,6,3,2,1,33.33,16.67
09/06/2020,29/06/2020,,20,SD,O4,6,3,2,1,33.33,16.67
09/06/2020,24/06/2020,,15,SD,O5,6,6,0,0,0,0
09/06/2020,25/06/2020,,16,SD,O5,6,6,0,0,0,0
09/06/2020,28/06/2020,,19,SD,O5,6,4,2,0,33.33,0
09/06/2020,29/06/2020,,20,SD,O5,6,4,2,0,33.33,0
09/06/2020,24/06/2020,,15,SD,O6,7,3,2,2,28.57,28.57
09/06/2020,25/06/2020,,16,SD,O6,7,3,2,2,28.57,28.57
09/06/2020,28/06/2020,,19,SD,O6,7,3,2,2,28.57,28.57
09/06/2020,29/06/2020,,20,SD,O6,7,3,2,2,28.57,28.57
09/06/2020,25/06/2020,,16,DS,Q1,1,0,1,0,100,0
09/06/2020,28/06/2020,,19,DS,Q1,1,0,1,0,100,0
09/06/2020,29/06/2020,,20,DS,Q1,1,0,1,0,100,0
09/06/2020,25/06/2020,,16,DS,Q2,3,3,0,0,0,0
09/06/2020,28/06/2020,,19,DS,Q2,3,3,0,0,0,0
09/06/2020,29/06/2020,,20,DS,Q2,3,3,0,0,0,0
09/06/2020,25/06/2020,,16,DS,Q3,1,0,1,0,100,0
09/06/2020,28/06/2020,,19,DS,Q3,1,0,1,0,100,0
09/06/2020,29/06/2020,,20,DS,Q3,1,0,1,0,100,0
09/06/2020,25/06/2020,,16,DS,Q4,1,1,0,0,0,0
09/06/2020,28/06/2020,,19,DS,Q4,1,1,0,0,0,0
09/06/2020,29/06/2020,,20,DS,Q4,1,1,0,0,0,0
09/06/2020,25/06/2020,,16,DS,S1,2,2,0,0,0,0
09/06/2020,28/06/2020,,19,DS,S1,2,2,0,0,0,0
09/06/2020,29/06/2020,,20,DS,S1,2,2,0,0,0,0
09/06/2020,25/06/2020,,16,DD,S3,5,5,0,0,0,0
09/06/2020,28/06/2020,,19,DD,S3,5,4,1,0,20,0
09/06/2020,29/06/2020,,20,DD,S3,5,4,1,0,20,0
09/06/2020,25/06/2020,,16,DD,S4,1,1,0,0,0,0
09/06/2020,28/06/2020,,19,DD,S4,1,1,0,0,0,0
09/06/2020,29/06/2020,,20,DD,S4,1,1,0,0,0,0
